{
  "is_race_on": 1,
  "timestamp_ms": 173453,
  "engine_max_rpm": 9999.9951171875,
  "engine_idle_rpm": 799.99951171875,
  "current_engine_rpm": 6867.8681640625,
  "acceleration_x": 0.7981157302856445,
  "acceleration_y": 0.2763618230819702,
  "acceleration_z": 0.9619116187095642,
  "velocity_x": -0.06436744332313538,
  "velocity_y": -0.07537509500980377,
  "velocity_z": 44.66688537597656,
  "angular_velocity_x": 0.01457029115408659,
  "angular_velocity_y": 0.013087376952171326,
  "angular_velocity_z": -0.0011725830845534801,
  "yaw": 1.5641471147537231,
  "pitch": -0.00843819696456194,
  "roll": -0.00008157380943885073,
  "normalized_suspension_travel_front_left": 0.461996853351593,
  "normalized_suspension_travel_front_right": 0.44483980536460876,
  "normalized_suspension_travel_rear_left": 0.5056841373443604,
  "normalized_suspension_travel_rear_right": 0.47903352975845337,
  "tire_slip_ratio_front_left": -0.031511977314949036,
  "tire_slip_ratio_front_right": -0.03242618590593338,
  "tire_slip_ratio_rear_left": -0.4874539375305176,
  "tire_slip_ratio_rear_right": -0.5114691853523254,
  "wheel_rotation_speed_front_left": 135.46188354492188,
  "wheel_rotation_speed_front_right": 135.3745574951172,
  "wheel_rotation_speed_rear_left": 125.39018249511719,
  "wheel_rotation_speed_rear_right": 124.61503601074219,
  "wheel_on_rumble_strip_front_left": 0,
  "wheel_on_rumble_strip_front_right": 0,
  "wheel_on_rumble_strip_rear_left": 0,
  "wheel_on_rumble_strip_rear_right": 0,
  "wheel_in_puddle_depth_front_left": 0,
  "wheel_in_puddle_depth_front_right": 0,
  "wheel_in_puddle_depth_rear_left": 0,
  "wheel_in_puddle_depth_rear_right": 0,
  "surface_rumble_front_left": 0,
  "surface_rumble_front_right": 0,
  "surface_rumble_rear_left": 0,
  "surface_rumble_rear_right": 0,
  "tire_slip_angle_front_left": 0.01277302298694849,
  "tire_slip_angle_front_right": 0.013923319056630135,
  "tire_slip_angle_rear_left": 0.014208809472620487,
  "tire_slip_angle_rear_right": 0.01630205288529396,
  "tire_combined_slip_front_left": 0.03400227800011635,
  "tire_combined_slip_front_right": 0.03528904169797897,
  "tire_combined_slip_rear_left": 0.4876609742641449,
  "tire_combined_slip_rear_right": 0.5117289423942566,
  "suspension_travel_meters_front_left": 0.000018224120140075684,
  "suspension_travel_meters_front_right": -0.0010590851306915283,
  "suspension_travel_meters_rear_left": 0.005800902843475342,
  "suspension_travel_meters_rear_right": 0.004291355609893799,
  "car_ordinal": 444,
  "car_class": 3,
  "car_performance_index": 512,
  "drivetrain_type": 2,
  "num_cylinders": 6,
  "position_x": -461.3648681640625,
  "position_y": -4.5985283851623535,
  "position_z": 216.89483642578125,
  "speed": 99.91738150390626,
  "power": 204805.375,
  "torque": 283.0518798828125,
  "tire_temp_front_left": 166.0224151611328,
  "tire_temp_front_right": 165.54391479492188,
  "tire_temp_rear_left": 158.38232421875,
  "tire_temp_rear_right": 158.38232421875,
  "boost": 6.997179985046387,
  "fuel": 0.9877263903617859,
  "distance_traveled": 1407.7188720703125,
  "best_lap": 0,
  "last_lap": 0,
  "current_lap": 41.25548553466797,
  "current_race_time": 43.64360427856445,
  "lap_number": 0,
  "race_position": 1,
  "accel": 255,
  "brake": 0,
  "clutch": 0,
  "hand_brake": 255,
  "gear": 3,
  "steer": 0,
  "normalized_driving_line": 110,
  "normalized_aibrake_difference": 0,
  "tire_wear_front_left": 0.001392294536344707,
  "tire_wear_front_right": 0.0013417566660791636,
  "tire_wear_rear_left": 0.0012162679340690374,
  "tire_wear_rear_right": 0.001168461050838232,
  "track_ordinal": 110
}